<?xml version="1.0" encoding="UTF-8"?>
<con:soapui-workspace name="RESTApi" cid="7a019cea-d28f-471a-b834-8de4de5ea9d9" soapui-version="6.0.0" xmlns:con="http://eviware.com/soapui/config">
  <con:settings/>
  <con:project name="REST Project 1" lastOpened="2021-10-12T00:06:11.543+05:30">D:/ReadyApi-Alchemy/REST-Project-1-readyapi-project.xml</con:project>
  <con:recentItemCollection>
    <con:moduleId>SoapUiNGModule</con:moduleId>
    <con:itemId>c2c2009c-4f5e-46de-8f09-08dfa8f40a42</con:itemId>
    <con:itemId>c5edbc18-ff64-4413-9cee-a4b65bfb1375</con:itemId>
    <con:itemId>1da08bef-8ce8-491d-98a9-2aae45da84a1</con:itemId>
    <con:itemId>0869c618-e7c8-4a2b-8b28-4db695aebdc5</con:itemId>
    <con:itemId>20f455a2-a689-4fe5-95b6-d965127ba4be</con:itemId>
  </con:recentItemCollection>
  <con:expandedTreeNodes>
    <con:project path="D:\ReadyApi-Alchemy\REST-Project-1-readyapi-project.xml">
      <nodeId>9eeaf251-95fb-4b6e-9553-9ddd4852b9d0</nodeId>
      <nodeId>9eeaf251-95fb-4b6e-9553-9ddd4852b9d0apis</nodeId>
      <nodeId>c2c2009c-4f5e-46de-8f09-08dfa8f40a42</nodeId>
      <nodeId>9eeaf251-95fb-4b6e-9553-9ddd4852b9d0soapui</nodeId>
      <nodeId>20f455a2-a689-4fe5-95b6-d965127ba4be</nodeId>
      <nodeId>43b961a9-ee81-4ef2-9154-e4e2cf339e24</nodeId>
      <nodeId>b48f3b22-88b1-42d4-8a94-b2f3e271fc52</nodeId>
      <nodeId>027be1d5-9ede-469a-88c4-ad772075f4b4</nodeId>
      <nodeId>a7620187-482e-49e7-bbf8-83c1ac757187</nodeId>
      <nodeId>87cb84f8-565a-4eca-8ea9-92021d8308d7</nodeId>
      <nodeId>3754f022-061c-4181-aea5-7a939cbdfa19</nodeId>
      <nodeId>e8ddc552-7ad4-4aee-8f24-c351486b222a</nodeId>
    </con:project>
  </con:expandedTreeNodes>
  <con:overridenPropertyValuesCollection/>
</con:soapui-workspace>